--
-- PostgreSQL database dump
--

-- Dumped from database version 15.2
-- Dumped by pg_dump version 15.2

-- Started on 2023-05-28 14:19:31 CEST

SET statement_timeout = 0;
SET lock_timeout = 0;
SET idle_in_transaction_session_timeout = 0;
SET client_encoding = 'UTF8';
SET standard_conforming_strings = on;
SELECT pg_catalog.set_config('search_path', '', false);
SET check_function_bodies = false;
SET xmloption = content;
SET client_min_messages = warning;
SET row_security = off;

SET default_tablespace = '';

SET default_table_access_method = heap;

--
-- TOC entry 227 (class 1259 OID 16888)
-- Name: commentary; Type: TABLE; Schema: public; Owner: postgres
--

CREATE TABLE public.commentary (
    id integer,
    post_id integer,
    content json
);


ALTER TABLE public.commentary OWNER TO postgres;

--
-- TOC entry 231 (class 1259 OID 16904)
-- Name: friends; Type: TABLE; Schema: public; Owner: postgres
--

CREATE TABLE public.friends (
    owner_id integer,
    friend_id integer
);


ALTER TABLE public.friends OWNER TO postgres;

--
-- TOC entry 218 (class 1259 OID 16847)
-- Name: groups; Type: TABLE; Schema: public; Owner: postgres
--

CREATE TABLE public.groups (
    id integer NOT NULL,
    name character varying,
    description character varying,
    private boolean,
    last_sent timestamp with time zone
);


ALTER TABLE public.groups OWNER TO postgres;

--
-- TOC entry 217 (class 1259 OID 16846)
-- Name: groups_id_seq; Type: SEQUENCE; Schema: public; Owner: postgres
--

ALTER TABLE public.groups ALTER COLUMN id ADD GENERATED BY DEFAULT AS IDENTITY (
    SEQUENCE NAME public.groups_id_seq
    START WITH 1
    INCREMENT BY 1
    NO MINVALUE
    NO MAXVALUE
    CACHE 1
);


--
-- TOC entry 230 (class 1259 OID 16901)
-- Name: last_seen; Type: TABLE; Schema: public; Owner: postgres
--

CREATE TABLE public.last_seen (
    user_id integer,
    last_seen_at timestamp with time zone
);


ALTER TABLE public.last_seen OWNER TO postgres;

--
-- TOC entry 222 (class 1259 OID 16863)
-- Name: pages; Type: TABLE; Schema: public; Owner: postgres
--

CREATE TABLE public.pages (
    id integer NOT NULL,
    name character varying NOT NULL,
    profile_icon character varying,
    profile_banner character varying
);


ALTER TABLE public.pages OWNER TO postgres;

--
-- TOC entry 221 (class 1259 OID 16862)
-- Name: pages_id_seq; Type: SEQUENCE; Schema: public; Owner: postgres
--

ALTER TABLE public.pages ALTER COLUMN id ADD GENERATED BY DEFAULT AS IDENTITY (
    SEQUENCE NAME public.pages_id_seq
    START WITH 1
    INCREMENT BY 1
    NO MINVALUE
    NO MAXVALUE
    CACHE 1
);


--
-- TOC entry 225 (class 1259 OID 16876)
-- Name: post; Type: TABLE; Schema: public; Owner: postgres
--

CREATE TABLE public.post (
    id integer NOT NULL,
    author_id integer,
    author_type character varying,
    post_type integer,
    "timestamp" timestamp with time zone
);


ALTER TABLE public.post OWNER TO postgres;

--
-- TOC entry 224 (class 1259 OID 16875)
-- Name: post_id_seq; Type: SEQUENCE; Schema: public; Owner: postgres
--

ALTER TABLE public.post ALTER COLUMN id ADD GENERATED BY DEFAULT AS IDENTITY (
    SEQUENCE NAME public.post_id_seq
    START WITH 1
    INCREMENT BY 1
    NO MINVALUE
    NO MAXVALUE
    CACHE 1
);


--
-- TOC entry 229 (class 1259 OID 16894)
-- Name: private_messages; Type: TABLE; Schema: public; Owner: postgres
--

CREATE TABLE public.private_messages (
    id integer NOT NULL,
    sender integer,
    receiver integer,
    "timestamp" timestamp with time zone,
    content json
);


ALTER TABLE public.private_messages OWNER TO postgres;

--
-- TOC entry 228 (class 1259 OID 16893)
-- Name: private_messages_id_seq; Type: SEQUENCE; Schema: public; Owner: postgres
--

ALTER TABLE public.private_messages ALTER COLUMN id ADD GENERATED BY DEFAULT AS IDENTITY (
    SEQUENCE NAME public.private_messages_id_seq
    START WITH 1
    INCREMENT BY 1
    NO MINVALUE
    NO MAXVALUE
    CACHE 1
);


--
-- TOC entry 226 (class 1259 OID 16883)
-- Name: publications; Type: TABLE; Schema: public; Owner: postgres
--

CREATE TABLE public.publications (
    post_id integer,
    content json
);


ALTER TABLE public.publications OWNER TO postgres;

--
-- TOC entry 216 (class 1259 OID 16841)
-- Name: user_group; Type: TABLE; Schema: public; Owner: postgres
--

CREATE TABLE public.user_group (
    user_id integer,
    role character varying,
    group_id integer
);


ALTER TABLE public.user_group OWNER TO postgres;

--
-- TOC entry 220 (class 1259 OID 16855)
-- Name: user_group_messages; Type: TABLE; Schema: public; Owner: postgres
--

CREATE TABLE public.user_group_messages (
    id integer NOT NULL,
    sender integer,
    reply_to integer,
    group_id integer,
    "timestamp" timestamp with time zone,
    content json
);


ALTER TABLE public.user_group_messages OWNER TO postgres;

--
-- TOC entry 219 (class 1259 OID 16854)
-- Name: user_group_messages_id_seq; Type: SEQUENCE; Schema: public; Owner: postgres
--

ALTER TABLE public.user_group_messages ALTER COLUMN id ADD GENERATED BY DEFAULT AS IDENTITY (
    SEQUENCE NAME public.user_group_messages_id_seq
    START WITH 1
    INCREMENT BY 1
    NO MINVALUE
    NO MAXVALUE
    CACHE 1
);


--
-- TOC entry 215 (class 1259 OID 16834)
-- Name: users; Type: TABLE; Schema: public; Owner: postgres
--

CREATE TABLE public.users (
    id integer NOT NULL,
    first_name character varying,
    last_name character varying,
    username character varying NOT NULL,
    mail character varying NOT NULL,
    phone character varying,
    profile_icon character varying,
    profile_banner character varying,
    password character varying NOT NULL,
    is_activated boolean,
    birthdate date
);


ALTER TABLE public.users OWNER TO postgres;

--
-- TOC entry 214 (class 1259 OID 16833)
-- Name: user_id_seq; Type: SEQUENCE; Schema: public; Owner: postgres
--

ALTER TABLE public.users ALTER COLUMN id ADD GENERATED BY DEFAULT AS IDENTITY (
    SEQUENCE NAME public.user_id_seq
    START WITH 1
    INCREMENT BY 1
    NO MINVALUE
    NO MAXVALUE
    CACHE 1
);


--
-- TOC entry 223 (class 1259 OID 16870)
-- Name: users_page; Type: TABLE; Schema: public; Owner: postgres
--

CREATE TABLE public.users_page (
    user_id integer,
    role character varying,
    page_id integer
);


ALTER TABLE public.users_page OWNER TO postgres;

--
-- TOC entry 232 (class 1259 OID 16996)
-- Name: users_posts_likes; Type: TABLE; Schema: public; Owner: postgres
--

CREATE TABLE public.users_posts_likes (
    user_id integer,
    post_id integer
);


ALTER TABLE public.users_posts_likes OWNER TO postgres;

--
-- TOC entry 3678 (class 0 OID 16888)
-- Dependencies: 227
-- Data for Name: commentary; Type: TABLE DATA; Schema: public; Owner: postgres
--

COPY public.commentary (id, post_id, content) FROM stdin;
20	10	{"description": "Superbe article ! J'ai adoré le contenu."}
71	4	{"description": "Super article, j'ai adoré !"}
72	9	{"description": "Ce sujet est tellement ennuyeux..."}
73	1	{"description": "Je ne suis pas d'accord avec l'auteur, c'est totalement faux !"}
74	8	{"description": "Je recommande vivement cette lecture, très instructive !"}
75	6	{"description": "Je n'ai rien compris à cet article, c'est du charabia..."}
76	2	{"description": "Bravo à l'auteur pour cette analyse approfondie !"}
77	3	{"description": "Cet article m'a fait perdre 5 minutes de ma vie..."}
78	5	{"description": "Je suis totalement en désaccord avec ce qui est écrit ici."}
79	10	{"description": "Ce sujet mérite une réflexion plus approfondie."}
80	7	{"description": "C'est incroyablement captivant, je ne pouvais pas m'arrêter de lire !"}
12	20	{"description": "Ce commentaire est vraiment intéressant."}
13	20	{"description": "Je suis d'accord avec les points soulevés."}
14	20	{"description": "Merci pour cet article instructif !"}
15	20	{"description": "J'aimerais en savoir plus sur le sujet."}
16	20	{"description": "C'est bien expliqué, je recommande !"}
17	20	{"description": "Un commentaire pertinent et constructif."}
18	20	{"description": "Je partage totalement votre point de vue."}
19	20	{"description": "Très bon article, merci pour le partage."}
\.


--
-- TOC entry 3682 (class 0 OID 16904)
-- Dependencies: 231
-- Data for Name: friends; Type: TABLE DATA; Schema: public; Owner: postgres
--

COPY public.friends (owner_id, friend_id) FROM stdin;
\.


--
-- TOC entry 3669 (class 0 OID 16847)
-- Dependencies: 218
-- Data for Name: groups; Type: TABLE DATA; Schema: public; Owner: postgres
--

COPY public.groups (id, name, description, private, last_sent) FROM stdin;
\.


--
-- TOC entry 3681 (class 0 OID 16901)
-- Dependencies: 230
-- Data for Name: last_seen; Type: TABLE DATA; Schema: public; Owner: postgres
--

COPY public.last_seen (user_id, last_seen_at) FROM stdin;
\.


--
-- TOC entry 3673 (class 0 OID 16863)
-- Dependencies: 222
-- Data for Name: pages; Type: TABLE DATA; Schema: public; Owner: postgres
--

COPY public.pages (id, name, profile_icon, profile_banner) FROM stdin;
3	Bissvovea	../img/pages/photo_bisvovea.png	../img/pages/cover_bisvovea.png
4	Entertainment Ease	../img/pages/photo_entertainmentease.png	../img/pages/cover_entertainmentease.png
5	Fortnite	../img/pages/photo_fortnite.png	../img/pages/cover_fortnite.png
6	Le Monde	../img/pages/photo_lemonde.png	../img/pages/cover_lemonde.png
7	Nike	../img/pages/photo_nike.png	../img/pages/cover_nike.png
8	TechTrend	../img/pages/photo_techtrend.png	../img/pages/cover_techtrend.png
9	Minecraft	../img/pages/photo_minecraft.png	../img/pages/cover_minecraft.png
10	Ikea	../img/pages/photo_ikea.png	../img/pages/cover_ikea.png
12	Sérénité Éternelle		
13	Aventure Intemporelle		
14	Harmonie Magique		
15	Lueur Mystérieuse		
16	Écho du Crépuscule		
17	Rêves Insaisissables		
18	Horizon Infini		
19	Flèche Brillante		
20	Enchantement Céleste		
21	Légendes Oubliées		
22	Plume Écarlate		
23	Cascade Enchantée		
24	Mélodie Lunaire		
25	Trésors Cachés		
26	Reflet d'Émeraude		
27	Illusions Éphémères		
28	Sentier d'Opale		
29	Flot de Cristal		
30	Secrets Envoûtants		
11	Disney	https://d1fmx1rbmqrxrr.cloudfront.net/cnet/optim/i/edit/2018/10/disney-770__w770.jpg	data:image/jpeg;base64,/9j/4AAQSkZJRgABAQAAAQABAAD/2wCEAAoHCBYVFRgWFhYZGBgaGBoYGBwZGhgcGhwYGBgZGhgaGBwcIS4lHB4rIRgYJjgmKy8xNTU1GiQ7QDs0Py40NTEBDAwMEA8QHxISHzQsJSs0NzQ0NDQ0NDQ0NDQ0NDQ0NDQ0NDQ0NDQ0NDQ0NDQ0NDQ0NDQ0NDQ0NDQ0NDQ0NDQ0NP/AABEIAIoBbAMBIgACEQEDEQH/xAAbAAACAwEBAQAAAAAAAAAAAAADBAECBQYAB//EADsQAAIBAgQDBgQFBAEEAwEAAAECAAMRBBIhMQVBURMiYXGBkQahsfAUMkLB0VJi4fGSFSMzgnKiwiT/xAAZAQADAQEBAAAAAAAAAAAAAAABAgMABAX/xAAmEQADAAEEAgEEAwEAAAAAAAAAAQIRAxIhMUFREyJhcaEEMkIj/9oADAMBAAIRAxEAPwD5xJnhPTrIJlgJIEhYQCYdHgJcLJUS6rAMioWWyQqrLBJg4BBJ4pGQkt2cKYHIl2cnLGTTlckdEakCFhFWWyyyrGFRAWWyy6pLhZsDgQkkJDBJISHBgOWTkjApQ6YJzbunXa+n1hUmEFpy6U5ppw0k2JUHz99Y5S4SL6uB+55gG++nONtZlgwzSt67eOtvqCPSRlF7aXOwPO29ps/9OXTU677fydNRJ/AIr9SF1DU1bKb66EGxuo1FiNIHLS4GT55McU5DJNx8IrPsVuBoE0FgNRrrfTU7kwR4ZmJs66dbjy1tbWZSzNrwZKJLFZpNwpxqMrDqrAgbfPWAfDld1I9ItSyk0JGmZBSOFYMpJ8lUkKFJ7soyVlSsDYylAMtpBWNKg9ekgpJ5K7RQ0xaCdI9UTpAtpMmCpXTFHS8Ew6RpxeUKgRsk3K8CwSQ62jDL0gWWbsD4QFhBMkYZZGWHOBMZAZJ60uxlCYDcI9KyTKxkhGybSwE9aSBMRJAhFlQIRRMFFlEKolFEMggHTLKsMiyqCGQQMpJKpCinPIIdRFyUSyLNTlDTj5pypSPNE7gz2SeCR1qcgUZRMg5FlSFVI4mDPPTw5+3pGFpWFwBz13bQb+H+I6QEKU8Ex5W5+ngI1Qwqa5jt1vblsBvpfnPNopvvfmOXPXzt7wRa/wBPv2jZlB2hlbKTYBQNrAfW31k/ielwSdTfS20EL2tIyxfkHUouGy7eBHnuCDKBzteeyy4WB2wqSFqtteKisRVtfXs77kaZ7e2p945lmU7j8V4ZMnO1817bb7RK1HwNtRqPiDpa22tri5udd+lhykZz7Ty0/CeyRt4u0YTFCwuBcEknUE3GouOR2MKnEwLAILX71+9caXuDoP8Acz3X3kWjbwY5NIvScm+gPQG6942XxFra2lavDQVzo11vbvC17f3bX8Inyh6WJcC2Y25eHl0g3S+ykpp8AauEK7jyPI32sdou1MTcpY4lhmNwbBtF1HO9xb+T0hKuDpub0tLn8rHbnof9yVTnlHRNY/sjnDT8JDJNWvhihIYWP3tEmQybTLrbgWqjS0AyWHnG6sUbeaUJqVyBKwZWMWkClC3jsklu6FikGyWjjLKOIu4fYhFlgmh3MA0dIhTBMIMwrCUKxiTKCelrT1pgYCZZIEMacjs4BMFAJdRJyS6rCDBZVhUWVQQ6CYdEoIZBKqsMqxWVksghkEhFhkWI2VmSyrPMkKiRlMNcXO3zhnlmpcCSUr/e0YKBNtT1+toSogsIsrkG+/nz85dNI52mSWK67Hfn7+f8QTteWa5kZZnYNpEsiyVEIiRXQUioSTlhgksEgyPgCKcsKcOElgkGTJCVNxd7nRGsfAZEb94LB4LPSqNTR3JxAcBQ+oDUhmHkpqG39u0Hw61R8Un99vLuBL+6GYfw7Udaid8jvHYsNcpN9D18Jz6yyljxyUhrOH5Or7L7IIPqDqJU05oks9mc3YgEnmdALypoSiv2Bx6M005XJNI0YPsYd5lAgq9YTIdPDQeAvf6kx04eU7OTrVLxpexcU4ZHCi+515cvWWKCBZLQTqZKuEalLioJy1FVly5co7ux0IKj8w11587xPG4G9zTOYb2/VbqNNR9L84quh3ty9/s+8aoVWU9DbT/I5y61JfZL42ujMqUiL39jAGnedI1EVQQxAcLdLmwYXFl12Otx1mNVolSQ3L3vM58oypdMzzS5ESrIeWkbfqTAVSJJ5HSlAHtEqhMadrjaLOt40rHYmo89CzCDYRopK9lGdJEVFMVKShWNOkoacG8PxMWyyezhss9eK69DrRS7DWlgsPkk9lArRGtJggksKUIKcKoMqqI1GBcU5dVjC2hBSBhyBICsYQSOxl1S0VlZYZFhkpytMTQw9OwufSTw2zoVLB6hTtqfb+f4hCL/AHy8JLD6/wCvrPBYHeOENt8g3S8XalHwkk05psnUiApTxpR4U5bs5RUSaM8UoenTjHZS6pM6MkDFKeNOMqkFiiQotzemPd1vzHKI6KqUR2MqEjipMni/GEw1RA6sQUY90AknMoAsSOhiqnkZqUjK+Faqlq3cAYNdnubvZm/OCbX1J0tuZymHrZCDfa50K9On3vPJjHQu6MVu17aai5LA323E1KXYNh3ANqlxkTKRcdy+oGUfq5zP6V7JrFfbH7O3ouMyJ/VTZ/8AiaY//ccCTF4ZXDVsLa4P4WorA8mHYEj/AOs6Ts4HwikijUZC0rRtkgWB6SNWy8ygTJeLskdRb6bQVdMs597zg6FKFzhrwJwuu8ZXEQdWt129dPKGXeQPaLVUAgqjMLHe/PoOcviKtgfHb+YtZtO8RpoPLmZ2QuOSF16CM9iSTubgfxGnqCqMr2VrDKw53/r12135W9JnGmTv7yyUyDflOidRTwyL06pi2MwzIxVlII+nI+Iiz0zfnOnoqtRQj6ADusd18L/0+HKZ2Jo5Gy21+9ot0sZkpp6T/wBGOKEG1Gxmk1Lnt5xaovWQ3vJ0fEkhUr4QNQRh+l4s4mQGsICwtBO8KyXgzTMbK8k8U+hciT2cP2cnsoHYy0n5NXspYU4VXWWCDkYqRyuwYpS3YwioQbxpQI6eBKeRHsJ7sjNBaY6y3ZCVmiNIQVDCAHmI72Inlw14yaYmWhekttTt06mMLX6j7MI9EaAXtJRVjUklhBmuchUcQmW+09Tpj0h0ozlqecnVN5AJfYiEEK1EwQw5Gut4qwM8kkSIeiht3hDdhKSyVITAhUSHGHhEpRmIgaU5w3xXxmsaipQpuEpuHzZHyu6HrbVBt46+Bn0NUnOYviSCiPzHTr5fyJKr2tcZLTO9PnBscJrJXpJVXQMLkHQo36lboR/mcN8WMtenhqyMMrpU11v3XAIAA3udZq8D+IqFBXVzUu7AhQpNrqQNRzPT+2ctwLDF0ak7soVR2YOZgLuS5QA2BvYkW1m3pLLM5be0VoLZGUoGvlu+t0JL3A0/V4/0xbDUHtfNsyDZuZUcxt3hOmo4RER6QqOQxGY91VbKLoWQr3sudzvrm5WuVsTw5KWHzdpnL1qaqLMNVc5ttLAIdT4dYFqLP5Fek0ssc4O7JiMLc5hazsLWXPUewI8ghOnPwn0yjhwwuNdx7Eg/SfDa2KZXPfYMraEciDpytbafUvgHizVMMUJLPTdsxO5zs1QHy7xH/rBeVOQy03hHTHBQb4Qcp6piW6TNxPEXDBQDa18wtYa6Agm+vgORvObLpnSk0MV6SjnaZeKqjbeRUqu3K8X/AAzt4R500uWNueOAbJeVFIc7+W/vDrgzCphG+/8AMpuS8gUtiooqLajlcfp9BsdhIVFvcC4J1tp9f4jwwdtSLeO8nKBy1k61fRaNL2KDC76WO+41EoRewAsf2jpGl7eJJ+ngIF6uU6W++klvpl1CQuKDbnbre0arZXUa3dRYW5gD8v8AHlaJu7MTqT6CFoIy8iZbT1ccU+BalPlGfVHqfb5wD4X0E6DE4Rm749b9evrE/wAMBuYNS9r4HjFLkx3wn2JT8JpoPeadZ1XaZ2JxQ5CIquuhq2TywL4YRerTVeYEpWxLGJOCZaYflkK1l/lBalZRsbxf8TKtSMp2JlFMo53WozWoIw5XEfpreeVQYdKXj9+sO7BxuUwiU4dacpTTxjdO/gYr1MAWlnyDWhCrRMZRfD2hlpzLWk1aNCa0pfsbCOCmNybW8ZYrfXQ3lJ1McifGZjJKinNFqUqaMz1RlpoURSNjGqT9RPdiZApEdYrtMZRgdpWPOMrhwYnQpddI1nCKWZ7KoJJJ0AAuST0tIvvgrnCL06A8NDb1hHpgbm0x/h7i6V6bVFsM1Spm3B0c5CwPMpk+xHMTiFtdvnKpNPDI1SfQ1llwgiHbgEC++3jaGR47YiYyRYE9NfafPMfi7IoOY92/yuf3M6tOJLUw9R1Oi9sv/AuAfUBT6zhOK4OvUZDTZQoTLqSDc3DcjoVIHjrJNrP1HTDalueTR+GMMKgqMRmvUoZbgE5UcO4HhZdR0ilLAVFqu702TMSRcWuSAW9mJHhaJ0KGPw6s6VVVUDM1ip0sc1gyb2J950HBsNi3zDEvnsqCnsbBi2bUKL3su9zJW2uU1j9lNPDpJp5/RxnFKjds4DEAD5hAfrNJ1L4KiVuzCqNDa5a76e8xa1UPUdxqGdreKliR8ss6X4TppUoMjnupXF/AMBl92DTp1aUwuOsENJbra95FK2CICq9JA1RUftBlbKKtQ5SRe+bZbcp0fwMy4au6M4s9MCzLa7opdcpDHXLn0I9b6EeO4XT7WmpHeyuVtpYUymnj+bTpvpa4zOK0leoVNyCAwtvo2n1kVqb/AKVwmi1aO1Z8o+t4emKi5gRbM6780dkPzUzhcdx9E4qKTEdiFFBzyFRiGz38GKoeneM3fhTFhMMpY7M7MSQN3JYsdNySSfGfNeNqrVamRFIz1O8ACT3jc5ud9ST4wRKTaYj3JZyfZTgkHK/tpAYikPSC4e6FAqOHKqFbvZiCAL5td/OHq0c35jp42kqpIrPfLEHVdbEev+oFxb9XtPcXoKtKo/6VR2PSwUwvC8Kj0EenYU2UMut9CNtdrbW5WkqvjJdVK7YFEB8fEyXQDlf2/aPdmi/qBgatRBIussotReBB0d9hYSi4NRqfYQ1TGX2vAF77iHc/wF2eLINlvKNi8uwtLCkeQlXoE72mTXkXemDp467ZW/KdD4X5zPxTPcj7I5GPnDqPGWqJdehX6H/P1nZFzU4xygN4rKfDMFsMxg2wQ5sJqvhid2gjgR/VJPVfsqlJlPRQeMWqMB+kfObD4JOv0i1TDJ92gWqvORtnrBi1K/8AasF2zdB7Caj0UHIffrB5R4ewlFqr0B6Tfkg4m+2vgYXDY8row+s5ylxQZcx0PMDmfCaPD+KK+mxHI7+flOik0jyp2s6mliEIGvzMZouDs3znNnFEctPSEw/ECD08pJzRRbTqkJ6gwwJmFh+IE6XjuGrvexN/Maye2sjNJobxmFzrbY7jXw0iWDeohswYqNBaNvxBV/NcfflC08Yjbax6uktuOBEsF2qN/sGU/FEbgH76SWKsQQSCOht7yS3jfztEmwUkeXGDmLTz463I+Yt7wQdb2K2P18pR6SHw9v2lZom0j1PiGY3BYjyBA/4znfjfiblEpK2Raly5INyFtZdvy3Ivz06XvtLgwD3SB46/zOA4zjXrtZ7Dsy4W2m+97n+0e0tNZZKkl9za+Dq5RXC1O82WyFWA03fPYqN7W5zafHs5ZXQuAFvkqZTrciwK2vp05znvhmi6MxA0awNypsA2p3v/AKnjiWUVKmdSSGbbQWY5eewXSF6jb5MoSWTrOF8Vo1XypiMrAFOzqqAS1x+WoujGwI0S3jHeKM6I4YFSUNrEagi10YGx33BnGca4UKTYZ0UjNhqdR7hyhqEurnwuVBI5ExnBfFyqfw9VTiMO35wCWyX0zIy94EaajUaWvbKS+8CrjkTweMqKWoYZMyVCcy9027tnYNmsgy5bsdNttJ1GE4ayomapSZ2UWVWOYhVLMyhlGcWB/Lf21iVKknDHftL18JXQ1KLfqORqbZDlBXNcWN+6e6djolischd6qNXZ3DDPVKBaeYFf+0i6EgGwzHTz1iVKpYZadSk8z0D+KuLoKL00dWLhFspF1Uku1/AqFH/tNLDcbU4BnR1FVaAWxIzZqejkL5MD/wCwnB1O0XMWVjdgczDc6AanyEJgqb1W7FFdnfPZEKANkVmbS2pyq2l7m1hvaD4Z2pffJvmp03nwKqhCiwNr2G+/Tbw+U2vhjFMlcpoFcrnzaHuXK5b21uw9GlsLUvTprcWDIwAFzcNYkAG56wfGy6Vldw6hlsGC5SRYXsGFja4vaGnuTkWfppUbHHePp+PpMrBkprkYggj/ALl8xvsQAUPoZf4hPfzrYqVt3WUndW2BNhacaKhJuqk3YbhLlmudbWve5Pt0E6XA4N62UUmqNdbgf9oBVHNiVsqja5PSBylhrwsFJ1Hhp+eTosJxujVRMKVdWemKZdgoQOU53a/5u7tqTp1nH4PG0yAGpocq5hcDXvC4152PyM6bEYQI2CTDlajuSHc2yu1Nxne5HdRQG1AGiX3M59OJYakRTw1GnWK91q+IXOXItrTpk5UTe3O25MKjsR6nHB1/wlxqkGagFCG2dRewa+jADa4AXz16TqKvEVW2l5wOC/8A6e4gSnWUMyIjZadQ21UoScr8wVIGmo5jX/HmkRRfI1ZR3y9yiNb/AMagGzsNiSbXuBtcx1NLz4KTWfz6K/H3FKj0FpLZUdu8TpcJZgvvY+kx/gHiLq7Ydu8hUutj+QgjMLHkb7ddeZh+MYk12WhWUKjMMlWmLZXOgzKTlZdbEaHxE5rAYl8DiHzIGdQ1NlJsPzKbg2uR3QR5iMtP/njsTf8AVno+ptUHSLPV8IKljgyqbjVQfcXlHxC8jfynFUYLzbCdsfASwreP36RVqoHKVOJEVopuyPdqPu8qanhFRXHK3yilbC3N8xF/GBJeQo0TUMhN9TpzFjzmfSwpXUO0L2mti2vnHh4rKGxlYRatStuTFHYXy2JPnyjruSAQb8v4+/CYFTFDvDOBYne45/p5H6x6026eCkXxyMYmqitlNgd9ToPOL1W0/T7zAq8Rzb+539Zn4nF72+u8tOh7YtfyVPXJ0NRxa+ZQOtxM1+Jpfdj4gG0wWa5udTPZpWdFLtkK/lt9IHLK1tQbHkRvIL6zyMDLnAmbGD4uQLOCbbEWuR43jX/VCfyrbz/xOfRoRXI5mLtQ6tnWYLiAa19+h/aa9DHKlsxAvoBpf5/ek4zCODoTrt5x7GGxte/I7b87+NwY0xPLY71K8HT1+I2BzWK2ubgTmcTxF2qiovdyG6DkAN7jbXn4RSpXZhYm48TKJJ7JRndM7Rcaza3vpptb5T2HrqTcuCegN9RprOMZL+n3pPUwVIZbgjYiT2LwM9R+js8RVH6fcaRhMaRpcbb66zlk4q3NQfI2iZxL5i+cgnex08NNtJlJnSO1fiJFtRv0nBYtjUqOVGru7ADoSTt5Xk1XYjViQNrkn6xdXI1BIPUGx1GspM4JU0+jSwfEilJ9e9y8zYX8QN/G0cxnEWoUlqUgmRgFSrlLNnAGdHYkhHBv3dNNRcWJ5jTxhsFxGpQLGm2jCzqyq6OBydGBVh5jTlGXDFb4O9+MviDE4Y4U0azpnwtN2Ad7M+d1JIv0UTGxnxMmJw4/EBDiQ/8A5ETKRRytdKjAd+5ykDvee4l/iD4kweIFDNh3qFKWQsjtRKd5jktZlYa30Ate2szqfFsLTOajg7uPytWqNUAPXJopI8RGfIiOqrvk4bhEq/nbF02phvzdmb6G/LJkFuXdmnVxyUsbi1yZX7fu1s9JShdA4Re2IUs3fbQ3/b5xjuM1a9VKtQlmQqyD9Aswa1h1IF9bnroLHxPH6r1qlY5CapRqiPTpvTZkUKpKOGF99Rr3jabgbk7D4kOOalXT8fUqBaJqvSenTUNRJsctSmzK++1xcfM78Ip9vSXDqExGAbDhwoANXDVFRnY/1Oud7nmC1/0zjuI/FdepRNFVpUKZBDLQprTzX3zZRb2HWLN8R1vxLYoNkqsqqTTuosEVLAX27qnfcX5CHKwJg7/DEYXEcQrtWejh0YKAqZgKldUdWABBOUvbKOTC5tOfFdsfiUpviauLw9NGxLg0zTZuyV706aC5Ja6rcb5zzAiHDPi/GYcVWWzdq5qOzqrENYAmx5WVbCwtbTpNf4M4xWxOMqYuvVJFDDsCdgAxJCW/psrt5gcoE0+gtNcsZ/6ZTpV6KV6VOvjMW4aohCmlh8OWGcKNrqisobllNj3e9z2Gx1FUAD3AW2oNzYDkPP6y/E/jetXD5adKk1VctR0S1V0AACl9wLaED0tOZsOpgrDGltH0nhVdWXCorDPUw2NSnfYuzsBr6GcbxTEAhlBtY2Yd4EFWsQQ2xBXziuIx7OmHQXQ4cOEcHvEvUNQN4EE/KONxilVObFYbtX0vUpuaTvbm4AZWP92W/UzYRk2g3wYmbF0bOVyOahPIIFvVL/25E+7zR45V7PEVASA+dm1JBIZsytqOYYGYuO42nZvRw1FcOji1Qh2eo6g3CO7bLcXyqADpBUOMqyqmJp9ui6I2cpVRf6VcfmXnlYEX6EmCkqQZpz0M4/HvWQIved7IqgDMSxAAA8SR7w3xxWU46vazZciMw2Z0pojkdRmRh6QSceo0QThcN2VQgjtqjmrUUHQ9ncBVNie8BeYucnc38zfckn5kmZJJYM6beTrPxhIGpI0tCU+IsNCx/f3MxsDWDJvbKADcjkJZMQMzKSBlK2Nxrm0+s53C6OxUmkdBU4mct10Nj72NvnMnCcfe2Vzfo/PyNtPWIYzFBdn1vYjQgcjymfmmWnIHeHwdlQxrfm/MDsQ2nmMpja8RI3+WY39yLTicNjil+Y3I/j2h3xzNY5rBth8/eLWjljrUl9nYPxNLd9vqBp5kxJ6iPco25vfMLTl1APMSKjhGUHnf0ttGnRS6Zvlx4Nulii4enc5SDkG4zKcw9TYj1mRUBhKWKRSGDWym48xY/wASnFcSiucv5TlcdMjqGFvK9vSdmMz+Dnq0q5fYtUFoo4kvitT0v8oKtiAdt7/KTwK6TPESLQb1b2tpKPUN4SbpHgZ47SFk8oBDymEDnf76QUsOUxg9HFMpUjddR5jaXpYtlUDfUHXzuff94oJY/fvD9jJmh+MzW0trrrylkxg1uAOm8zxJfYecUbezTTGjTbXz2lxi1PI/P+JlvsP/AImNNt6fxFY25jZxaXtr7eH+p78SnRvaKYff78IYxTZLV8QuUgXuYqamkivy9f2gXlJ6BXZIaSYISwhAFCT0qs9MYKpniRBpJMxjzHSUosMwvqARceF5DwS8/KHwA6PEYhnViAQLHQ2B26HWC4JxdKWGxdLvdpWVEQ/pyXIcE8iFZvO8SoOTT1JPdbn5zOp8/IxNPhlL5SGMPCHeApy8diBbiQTKT0BirSs9KzGLQiNF2hV2mMRnsT4giDaXEmK+xs8AWYwgqm1vG8gyrftCLuZYuTfxH+ZGY2Gu0oOXrPDaY25lg5ks5Nrm9pUz0xsk5rSalUta52GUeVybe7GVMq0ZUxQjnQWHzvr1gmkt/MgwBIkXkT0xj//Z
\.


--
-- TOC entry 3676 (class 0 OID 16876)
-- Dependencies: 225
-- Data for Name: post; Type: TABLE DATA; Schema: public; Owner: postgres
--

COPY public.post (id, author_id, author_type, post_type, "timestamp") FROM stdin;
1	11	pages	1	2020-01-01 10:00:00+01
2	11	pages	1	2020-03-15 15:30:00+01
3	11	pages	1	2020-05-20 09:45:00+02
4	11	pages	1	2021-02-10 14:20:00+01
5	11	pages	1	2021-05-05 08:00:00+02
6	11	pages	1	2021-07-12 19:10:00+02
7	11	pages	1	2022-01-08 11:30:00+01
8	11	pages	1	2022-04-22 16:45:00+02
9	11	pages	1	2023-01-02 13:15:00+01
10	11	pages	1	2023-04-01 09:50:00+02
71	16	user	2	2020-03-15 09:32:00+01
72	27	user	2	2020-07-02 17:45:00+02
73	18	user	2	2021-01-19 14:21:00+01
74	29	user	2	2021-05-10 11:53:00+02
75	12	user	2	2021-08-07 08:16:00+02
76	25	user	2	2021-11-28 19:09:00+01
77	20	user	2	2022-03-05 13:27:00+01
78	15	user	2	2022-06-22 10:39:00+02
79	13	user	2	2022-10-18 16:55:00+02
80	19	user	2	2023-01-30 20:02:00+01
11	11	user	2	2020-01-01 10:30:00+01
12	11	user	2	2020-02-15 14:45:00+01
13	11	user	2	2020-04-03 09:10:00+02
14	11	user	2	2020-06-20 16:20:00+02
15	11	user	2	2021-01-10 12:05:00+01
16	11	user	2	2021-03-25 18:50:00+01
17	11	user	2	2021-05-12 07:15:00+02
18	11	user	2	2022-02-28 21:40:00+01
19	11	user	2	2022-06-05 11:55:00+02
20	11	user	2	2023-01-15 15:30:00+01
\.


--
-- TOC entry 3680 (class 0 OID 16894)
-- Dependencies: 229
-- Data for Name: private_messages; Type: TABLE DATA; Schema: public; Owner: postgres
--

COPY public.private_messages (id, sender, receiver, "timestamp", content) FROM stdin;
\.


--
-- TOC entry 3677 (class 0 OID 16883)
-- Dependencies: 226
-- Data for Name: publications; Type: TABLE DATA; Schema: public; Owner: postgres
--

COPY public.publications (post_id, content) FROM stdin;
1	{\n        "description": "Un superbe coucher de soleil sur la plage.",\n        "image": "https://media.istockphoto.com/id/1172427455/fr/photo/beau-coucher-du-soleil-au-dessus-de-la-mer-tropicale.jpg?s=170667a&w=0&k=20&c=9rQSiwMoI_U9ENSlDELPyxRSBNM4-pgKmcAzrLdlG7k="\n    }
2	{\n        "description": "Découvrez les meilleurs restaurants de la ville avec notre guide culinaire.",\n        "image": ""\n    }
3	{\n        "description": "Une magnifique vue panoramique depuis la montagne.",\n        "image": "https://images.immediate.co.uk/production/volatile/sites/4/2021/08/mountains-7ddde89.jpg?quality=90&resize=768,574"\n    }
4	{\n        "description": "Plongez dans l'aventure avec notre nouvelle collection de jeux vidéo.",\n        "image": "https://media.cnn.com/api/v1/images/stellar/prod/i-stock-1287493837-1.jpg?q=h_1194,w_2121,x_0,y_0"\n    }
5	{\n        "description": "Le voyage de vos rêves vous attend. Réservez dès maintenant !",\n        "image": ""\n    }
6	{\n        "description": "Des conseils pratiques pour entretenir votre jardin et avoir de belles plantes.",\n        "image": ""\n    }
7	{\n        "description": "Découvrez les dernières tendances de la mode pour cette saison.",\n        "image": "https://www.francetvinfo.fr/pictures/RVl3uH3vWXxIxAsZUa173e_r4Bk/752x423/2022/09/28/phpjABfai.jpg"\n    }
8	{\n        "description": "Apprenez à cuisiner comme un chef avec nos recettes exclusives.",\n        "image": ""\n    }
9	{\n        "description": "Un guide complet pour vous aider à choisir le meilleur smartphone.",\n        "image": "https://image.coolblue.nl/content/84b532be9da585989322a100921aced0"\n    }
10	{\n        "description": "Inspirez-vous avec nos idées de décoration pour créer un intérieur unique.",\n        "image": ""\n    }
\.


--
-- TOC entry 3667 (class 0 OID 16841)
-- Dependencies: 216
-- Data for Name: user_group; Type: TABLE DATA; Schema: public; Owner: postgres
--

COPY public.user_group (user_id, role, group_id) FROM stdin;
\.


--
-- TOC entry 3671 (class 0 OID 16855)
-- Dependencies: 220
-- Data for Name: user_group_messages; Type: TABLE DATA; Schema: public; Owner: postgres
--

COPY public.user_group_messages (id, sender, reply_to, group_id, "timestamp", content) FROM stdin;
\.


--
-- TOC entry 3666 (class 0 OID 16834)
-- Dependencies: 215
-- Data for Name: users; Type: TABLE DATA; Schema: public; Owner: postgres
--

COPY public.users (id, first_name, last_name, username, mail, phone, profile_icon, profile_banner, password, is_activated, birthdate) FROM stdin;
9	a	a	a	a	a	\N	\N	$2y$10$rETlxYMUJ06NFUZajLuM6exWzYA9YSo0G648gdszKgsnMHuQvlKwa	\N	\N
10	admin	admin	admin	admin	admin	\N	\N	$2y$10$A9eX5/j8EnXJLYbezx1li.FBEzaacwPAa8sXXGeElgmXJ2YxVOxaO	\N	\N
31			YohannDCz	1995-01-08	YohannDCz@gmail.com	\N	\N	$2y$10$K1aNC.ed1ky/T6FZzGNq1eYxOc768UflfuzP60Apkmv6lAawKsjRy	\N	\N
32			YohannDC1	1995-01-08	YohannDC1@gmail.com	\N	\N	$2y$10$bcW3yothRdYVJWGrBmsD3.ZFvzNO29FvegJej1kJYBwTySdKkW8.y	\N	\N
33	Yohann	Di Crescenzo	YohannDC2	1995-01-08	YohannDC2@gmail.com	\N	\N	$2y$10$Bui9VB1sQrIDAncsHApU8uOngRVOcQJfFDTr5c96sQ2UiuHPw8Ety	\N	\N
34	Yohann	Delavier	YohannDC3	1995-01-08	YohannDC2@gmail.com	\N	\N	$2y$10$5PWO55hWOJLlYcr3wynYretfrpzF.SCBIISbIucHehE8MqKw5pTou	\N	\N
35	Yohann	Delavier	YohannDC3	1995-01-08	YohannDC2@gmail.com	\N	\N	$2y$10$1qCQSfcTXOoWh8LGIPiYLOsTE/wW8yg/4VRniIHuynXy6tjhzd3z2	\N	\N
36	Yohann	Delavier	YohannDC3	1995-01-08	YohannDC2@gmail.com	\N	\N	$2y$10$4Qk0vr2v3x0eY0Qhe02b5uFTMiSTTbDw.j0bvcWUjI.mv0dFTVxYy	\N	\N
37	Yohann	Delavier	YohannDC3	1995-01-08	YohannDC2@gmail.com	\N	\N	$2y$10$vb3trQcnuro9yQ8yc0DvUOlWS8gy/w3/lobJVGdpl2oilEij7OgSa	\N	\N
38	Yohann	Delavier	YohannDC3	1995-01-08	YohannDC2@gmail.com	\N	\N	$2y$10$hOn05lkMhAhR9SfT8fGwY.3qYY5MWEqQsfjrcB.iOUkD/m8rb242u	\N	\N
39	Yohann	Delavier	YohannDC3	1995-01-08	YohannDC2@gmail.com	\N	\N	$2y$10$GxhuUcjFQ.PG7N9qxViQLOFyN.VLMA09uMTl4euF1e/bLPqHw4N/e	\N	\N
40	Yohann	Delavier	YohannDC3	1995-01-08	YohannDC2@gmail.com	\N	\N	$2y$10$a2vmLMfIYY4axzHtrSmQXuX1ngX9NIGQh6e0OfNvM1aQrBA62oZ9i	\N	\N
41	Yohann	Delavier	YohannDC3	1995-01-08	YohannDC2@gmail.com	\N	\N	$2y$10$lAPO6l5uhWoSf2UsFMnY/OX1g6OR17tVlAQCl1/Nfx/NVPfKgddke	\N	\N
42	Yohann	Di Crescenzo	YohannDCz		0626127216	\N	\N	$2y$10$IetVsyioidxsLnaWbkmK2OKr1EJDkXokbbSxRfHrl9amDQzACoA0u	\N	2023-05-02
43	Yohann	Di Crescenzo	YohannDCz		0626127216	\N	\N	$2y$10$QunNbB.4kb4aNa5CccEAVe7MrumS8Bk7fpTHLOvzIDYe1mG59Ndye	\N	2023-05-02
44	Yohann	Di Crescenzo	YohannDCz		0626127216	\N	\N	$2y$10$MyDQwOUbf9799HPbnNqU8.3GkNq2jfTz/3dBGugOd83IVxfbNHR9.	\N	2023-05-02
45	Yohann	Di Crescenzo	YohannDCz	YohannDCz@gmail.com	0626127216	\N	\N	$2y$10$mV9ty.4CU.ZJ5heataUtp.ua5KTshDBjqlPI6LF964QIyKYLgYLwa	\N	2023-05-02
46	Yohann	Di Crescenzo	YohannDC5	YohannDC5@gmail.com	0626127216	\N	\N	$2y$10$b9M57zBiwj/AvlEjKXp.oeLOYGRu2OCvnffQQIJo1kdU7CLGqnI1u	\N	2023-05-02
47	Yohann	Di Crescenzo	YohannDC6	YohannDC6@gmail.com	0626127216	\N	\N	$2y$10$vfDBQ6Chr2PQJE2DnAmqCuNBXKFjlk29Uvonfvge8YMeaPlMCDzW2	\N	2023-05-02
48	Yohann	Di Crescenzo	YohannDC7	YohannDC7@gmail.com	0626127216	\N	\N	$2y$10$cxpI1PdUa7imaMkUGPuCJe5wb6xUHu.HPZ4k0i1mrL5wcLrKgvBQa	\N	2023-05-02
12	Jane	Smith	janesmith	janesmith@example.com	9876543210	https://images.unsplash.com/photo-1489424731084-a5d8b219a5bb?ixlib=rb-4.0.3&ixid=M3wxMjA3fDB8MHxwaG90by1wYWdlfHx8fGVufDB8fHx8fA%3D%3D&auto=format&fit=crop&w=2787&q=80	./img/users/cover/cover_jane.png	pass123word	\N	\N
11	John	Doe	johndoe	johndoe@example.com	1234567890	https://images.unsplash.com/photo-1584999734482-0361aecad844?ixlib=rb-4.0.3&ixid=M3wxMjA3fDB8MHxwaG90by1wYWdlfHx8fGVufDB8fHx8fA%3D%3D&auto=format&fit=crop&w=1180&q=80	./img/users/cover/cover_john.png	password123	\N	\N
13	Michael	Johnson	michaelj	michaelj@example.com	4567890123	https://images.unsplash.com/photo-1522075469751-3a6694fb2f61?ixlib=rb-4.0.3&ixid=M3wxMjA3fDB8MHxwaG90by1wYWdlfHx8fGVufDB8fHx8fA%3D%3D&auto=format&fit=crop&w=1180&q=80	./img/users/cover/cover_michael.png	securepass	\N	\N
14	Sarah	Williams	sarahw	sarahw@example.com	2109876543	https://images.unsplash.com/photo-1494790108377-be9c29b29330?ixlib=rb-4.0.3&ixid=M3wxMjA3fDB8MHxwaG90by1wYWdlfHx8fGVufDB8fHx8fA%3D%3D&auto=format&fit=crop&w=774&q=80	./img/users/cover/cover_sarah.png	password123	\N	\N
15	David	Brown	davidb	davidb@example.com	7890123456	https://images.unsplash.com/photo-1543610892-0b1f7e6d8ac1?ixlib=rb-4.0.3&ixid=M3wxMjA3fDB8MHxwaG90by1wYWdlfHx8fGVufDB8fHx8fA%3D%3D&auto=format&fit=crop&w=774&q=80	./img/users/cover/cover_david.png	pass123word	\N	\N
16	Emily	Davis	emilyd	emilyd@example.com	5432109876	https://images.unsplash.com/photo-1488426862026-3ee34a7d66df?ixlib=rb-4.0.3&ixid=M3wxMjA3fDB8MHxwaG90by1wYWdlfHx8fGVufDB8fHx8fA%3D%3D&auto=format&fit=crop&w=774&q=80	./img/users/cover/cover_emily.png	securepass	\N	\N
17	Christopher	Miller	chrism	chrism@example.com	9012345678	https://images.unsplash.com/photo-1463453091185-61582044d556?ixlib=rb-4.0.3&ixid=M3wxMjA3fDB8MHxwaG90by1wYWdlfHx8fGVufDB8fHx8fA%3D%3D&auto=format&fit=crop&w=2070&q=80	./img/users/cover/cover_christopher.png	password123	\N	\N
18	Olivia	Anderson	oliviaa	oliviaa@example.com	6789012345	https://images.unsplash.com/photo-1502823403499-6ccfcf4fb453?ixlib=rb-4.0.3&ixid=M3wxMjA3fDB8MHxwaG90by1wYWdlfHx8fGVufDB8fHx8fA%3D%3D&auto=format&fit=crop&w=774&q=80	./img/users/cover/cover_olivia.png	pass123word	\N	\N
19	Daniel	Taylor	danielt	danielt@example.com	2345678901	https://images.unsplash.com/photo-1500648767791-00dcc994a43e?ixlib=rb-4.0.3&ixid=M3wxMjA3fDB8MHxwaG90by1wYWdlfHx8fGVufDB8fHx8fA%3D%3D&auto=format&fit=crop&w=774&q=80	./img/users/cover/cover_daniel.png	securepass	\N	\N
20	Ava	Thomas	avat	avat@example.com	4567890123	https://images.unsplash.com/photo-1508184964240-ee96bb9677a7?ixlib=rb-4.0.3&ixid=M3wxMjA3fDB8MHxwaG90by1wYWdlfHx8fGVufDB8fHx8fA%3D%3D&auto=format&fit=crop&w=774&q=80	./img/users/cover/cover_ava.png	password123	\N	\N
21	Matthew	Lee	matthewl	matthewl@example.com	7890123456	https://images.unsplash.com/photo-1628157588553-5eeea00af15c?ixlib=rb-4.0.3&ixid=M3wxMjA3fDB8MHxwaG90by1wYWdlfHx8fGVufDB8fHx8fA%3D%3D&auto=format&fit=crop&w=1180&q=80	./img/users/cover/cover_matthew.png	pass123word	\N	\N
22	Sophia	Harris	sophiah	sophiah@example.com	5432109876	https://images.unsplash.com/photo-1508214751196-bcfd4ca60f91?ixlib=rb-4.0.3&ixid=M3wxMjA3fDB8MHxwaG90by1wYWdlfHx8fGVufDB8fHx8fA%3D%3D&auto=format&fit=crop&w=2070&q=80	./img/users/cover/cover_sophia.png	securepass	\N	\N
23	Andrew	Clark	andrewc	andrewc@example.com	9012345678	https://images.unsplash.com/photo-1507003211169-0a1dd7228f2d?ixlib=rb-4.0.3&ixid=M3wxMjA3fDB8MHxwaG90by1wYWdlfHx8fGVufDB8fHx8fA%3D%3D&auto=format&fit=crop&w=774&q=80	./img/users/cover/cover_andrew.png	password123	\N	\N
24	Mia	Lewis	mial	mial@example.com	6789012345	https://images.unsplash.com/photo-1534528741775-53994a69daeb?ixlib=rb-4.0.3&ixid=M3wxMjA3fDB8MHxwaG90by1wYWdlfHx8fGVufDB8fHx8fA%3D%3D&auto=format&fit=crop&w=1064&q=80	./img/users/cover/cover_mia.png	pass123word	\N	\N
25	Joseph	Allen	josepha	josepha@example.com	2345678901	https://images.unsplash.com/photo-1639747279286-c07eecb47a0b?ixlib=rb-4.0.3&ixid=M3wxMjA3fDB8MHxwaG90by1wYWdlfHx8fGVufDB8fHx8fA%3D%3D&auto=format&fit=crop&w=774&q=80	./img/users/cover/cover_joseph.png	securepass	\N	\N
26	Charlotte	Young	charlottey	charlottey@example.com	4567890123	https://images.unsplash.com/photo-1580489944761-15a19d654956?ixlib=rb-4.0.3&ixid=M3wxMjA3fDB8MHxwaG90by1wYWdlfHx8fGVufDB8fHx8fA%3D%3D&auto=format&fit=crop&w=1061&q=80	./img/users/cover/cover_charlotte.png	password123	\N	\N
27	William	Hall	williamh	williamh@example.com	7890123456	https://plus.unsplash.com/premium_photo-1666866587910-2f333c109ef7?ixlib=rb-4.0.3&ixid=M3wxMjA3fDB8MHxwaG90by1wYWdlfHx8fGVufDB8fHx8fA%3D%3D&auto=format&fit=crop&w=1065&q=80	./img/users/cover/cover_william.png	pass123word	\N	\N
28	Abigail	Green	abigailg	abigailg@example.com	5432109876	https://images.unsplash.com/photo-1527203561188-dae1bc1a417f?ixlib=rb-4.0.3&ixid=M3wxMjA3fDB8MHxwaG90by1wYWdlfHx8fGVufDB8fHx8fA%3D%3D&auto=format&fit=crop&w=1015&q=80	./img/users/cover/cover_abigail.png	securepass	\N	\N
29	James	Lopez	jamesl	jamesl@example.com	9012345678	https://images.unsplash.com/photo-1564564244660-5d73c057f2d2?ixlib=rb-4.0.3&ixid=M3wxMjA3fDB8MHxwaG90by1wYWdlfHx8fGVufDB8fHx8fA%3D%3D&auto=format&fit=crop&w=2076&q=80	./img/users/cover/cover_james.png	password123	\N	\N
30	Harper	Gonzalez	harperg	harperg@example.com	6789012345	https://images.unsplash.com/photo-1517598024396-46c53fb391a1?ixlib=rb-4.0.3&ixid=M3wxMjA3fDB8MHxwaG90by1wYWdlfHx8fGVufDB8fHx8fA%3D%3D&auto=format&fit=crop&w=1035&q=80	./img/users/cover/cover_harper.png	pass123word	\N	\N
49	Yohann	Di Crescenzo	YohannDC10	YohannDC10@gmail.com	0626127216	\N	\N	$2y$10$z0J6AkgBAxge6bqG/oDBnuOENOU.WA.ijYWZcgguAXDOx7gTIMk0y	\N	2023-05-05
50	b	b	b	YohannDC14@gmail.com	0626127216	\N	\N	$2y$10$cOMoZq1oIlUvrG6mgjDHz.9jYxUxJLoQ4KUq6rz9U71FTQVTHzxSm	\N	2023-05-18
51	Yohann	Di Crescenzo	YohannDCz80	YohannDCz80@gmail.com	0626127216	\N	\N	$2y$10$YPUhha8WvxAcOg/0rlPNP.NdR5zPSWFXEtnZ1hz7JBSRrqCC4zsGu	\N	2023-05-25
\.


--
-- TOC entry 3674 (class 0 OID 16870)
-- Dependencies: 223
-- Data for Name: users_page; Type: TABLE DATA; Schema: public; Owner: postgres
--

COPY public.users_page (user_id, role, page_id) FROM stdin;
\.


--
-- TOC entry 3683 (class 0 OID 16996)
-- Dependencies: 232
-- Data for Name: users_posts_likes; Type: TABLE DATA; Schema: public; Owner: postgres
--

COPY public.users_posts_likes (user_id, post_id) FROM stdin;
11	10
12	10
13	10
14	10
15	10
16	10
17	10
18	10
19	10
20	10
21	10
22	10
23	10
24	10
25	10
26	10
27	10
28	10
29	10
30	10
\.


--
-- TOC entry 3689 (class 0 OID 0)
-- Dependencies: 217
-- Name: groups_id_seq; Type: SEQUENCE SET; Schema: public; Owner: postgres
--

SELECT pg_catalog.setval('public.groups_id_seq', 1, false);


--
-- TOC entry 3690 (class 0 OID 0)
-- Dependencies: 221
-- Name: pages_id_seq; Type: SEQUENCE SET; Schema: public; Owner: postgres
--

SELECT pg_catalog.setval('public.pages_id_seq', 30, true);


--
-- TOC entry 3691 (class 0 OID 0)
-- Dependencies: 224
-- Name: post_id_seq; Type: SEQUENCE SET; Schema: public; Owner: postgres
--

SELECT pg_catalog.setval('public.post_id_seq', 80, true);


--
-- TOC entry 3692 (class 0 OID 0)
-- Dependencies: 228
-- Name: private_messages_id_seq; Type: SEQUENCE SET; Schema: public; Owner: postgres
--

SELECT pg_catalog.setval('public.private_messages_id_seq', 1, false);


--
-- TOC entry 3693 (class 0 OID 0)
-- Dependencies: 219
-- Name: user_group_messages_id_seq; Type: SEQUENCE SET; Schema: public; Owner: postgres
--

SELECT pg_catalog.setval('public.user_group_messages_id_seq', 1, false);


--
-- TOC entry 3694 (class 0 OID 0)
-- Dependencies: 214
-- Name: user_id_seq; Type: SEQUENCE SET; Schema: public; Owner: postgres
--

SELECT pg_catalog.setval('public.user_id_seq', 51, true);


--
-- TOC entry 3495 (class 2606 OID 16853)
-- Name: groups groups_pkey; Type: CONSTRAINT; Schema: public; Owner: postgres
--

ALTER TABLE ONLY public.groups
    ADD CONSTRAINT groups_pkey PRIMARY KEY (id);


--
-- TOC entry 3499 (class 2606 OID 16869)
-- Name: pages pages_pkey; Type: CONSTRAINT; Schema: public; Owner: postgres
--

ALTER TABLE ONLY public.pages
    ADD CONSTRAINT pages_pkey PRIMARY KEY (id);


--
-- TOC entry 3501 (class 2606 OID 16882)
-- Name: post post_pkey; Type: CONSTRAINT; Schema: public; Owner: postgres
--

ALTER TABLE ONLY public.post
    ADD CONSTRAINT post_pkey PRIMARY KEY (id);


--
-- TOC entry 3503 (class 2606 OID 16900)
-- Name: private_messages private_messages_pkey; Type: CONSTRAINT; Schema: public; Owner: postgres
--

ALTER TABLE ONLY public.private_messages
    ADD CONSTRAINT private_messages_pkey PRIMARY KEY (id);


--
-- TOC entry 3497 (class 2606 OID 16861)
-- Name: user_group_messages user_group_messages_pkey; Type: CONSTRAINT; Schema: public; Owner: postgres
--

ALTER TABLE ONLY public.user_group_messages
    ADD CONSTRAINT user_group_messages_pkey PRIMARY KEY (id);


--
-- TOC entry 3493 (class 2606 OID 16840)
-- Name: users user_pkey; Type: CONSTRAINT; Schema: public; Owner: postgres
--

ALTER TABLE ONLY public.users
    ADD CONSTRAINT user_pkey PRIMARY KEY (id);


--
-- TOC entry 3514 (class 2606 OID 16987)
-- Name: commentary commentary_id_fkey; Type: FK CONSTRAINT; Schema: public; Owner: postgres
--

ALTER TABLE ONLY public.commentary
    ADD CONSTRAINT commentary_id_fkey FOREIGN KEY (id) REFERENCES public.post(id);


--
-- TOC entry 3515 (class 2606 OID 16937)
-- Name: commentary commentary_post_id_fkey; Type: FK CONSTRAINT; Schema: public; Owner: postgres
--

ALTER TABLE ONLY public.commentary
    ADD CONSTRAINT commentary_post_id_fkey FOREIGN KEY (post_id) REFERENCES public.post(id);


--
-- TOC entry 3511 (class 2606 OID 17014)
-- Name: post fk_post_pages; Type: FK CONSTRAINT; Schema: public; Owner: postgres
--

ALTER TABLE ONLY public.post
    ADD CONSTRAINT fk_post_pages FOREIGN KEY (author_id) REFERENCES public.pages(id);


--
-- TOC entry 3512 (class 2606 OID 17009)
-- Name: post fk_post_users; Type: FK CONSTRAINT; Schema: public; Owner: postgres
--

ALTER TABLE ONLY public.post
    ADD CONSTRAINT fk_post_users FOREIGN KEY (author_id) REFERENCES public.users(id);


--
-- TOC entry 3519 (class 2606 OID 16982)
-- Name: friends friends_friend_id_fkey; Type: FK CONSTRAINT; Schema: public; Owner: postgres
--

ALTER TABLE ONLY public.friends
    ADD CONSTRAINT friends_friend_id_fkey FOREIGN KEY (friend_id) REFERENCES public.users(id);


--
-- TOC entry 3520 (class 2606 OID 16977)
-- Name: friends friends_owner_id_fkey; Type: FK CONSTRAINT; Schema: public; Owner: postgres
--

ALTER TABLE ONLY public.friends
    ADD CONSTRAINT friends_owner_id_fkey FOREIGN KEY (owner_id) REFERENCES public.users(id);


--
-- TOC entry 3518 (class 2606 OID 16972)
-- Name: last_seen last_seen_user_id_fkey; Type: FK CONSTRAINT; Schema: public; Owner: postgres
--

ALTER TABLE ONLY public.last_seen
    ADD CONSTRAINT last_seen_user_id_fkey FOREIGN KEY (user_id) REFERENCES public.users(id);


--
-- TOC entry 3516 (class 2606 OID 16967)
-- Name: private_messages private_messages_receiver_fkey; Type: FK CONSTRAINT; Schema: public; Owner: postgres
--

ALTER TABLE ONLY public.private_messages
    ADD CONSTRAINT private_messages_receiver_fkey FOREIGN KEY (receiver) REFERENCES public.users(id);


--
-- TOC entry 3517 (class 2606 OID 16962)
-- Name: private_messages private_messages_sender_fkey; Type: FK CONSTRAINT; Schema: public; Owner: postgres
--

ALTER TABLE ONLY public.private_messages
    ADD CONSTRAINT private_messages_sender_fkey FOREIGN KEY (sender) REFERENCES public.users(id);


--
-- TOC entry 3513 (class 2606 OID 16932)
-- Name: publications publications_post_id_fkey; Type: FK CONSTRAINT; Schema: public; Owner: postgres
--

ALTER TABLE ONLY public.publications
    ADD CONSTRAINT publications_post_id_fkey FOREIGN KEY (post_id) REFERENCES public.post(id);


--
-- TOC entry 3504 (class 2606 OID 16912)
-- Name: user_group user_group_group_id_fkey; Type: FK CONSTRAINT; Schema: public; Owner: postgres
--

ALTER TABLE ONLY public.user_group
    ADD CONSTRAINT user_group_group_id_fkey FOREIGN KEY (group_id) REFERENCES public.groups(id);


--
-- TOC entry 3506 (class 2606 OID 16917)
-- Name: user_group_messages user_group_messages_group_id_fkey; Type: FK CONSTRAINT; Schema: public; Owner: postgres
--

ALTER TABLE ONLY public.user_group_messages
    ADD CONSTRAINT user_group_messages_group_id_fkey FOREIGN KEY (group_id) REFERENCES public.groups(id);


--
-- TOC entry 3507 (class 2606 OID 16952)
-- Name: user_group_messages user_group_messages_reply_to_fkey; Type: FK CONSTRAINT; Schema: public; Owner: postgres
--

ALTER TABLE ONLY public.user_group_messages
    ADD CONSTRAINT user_group_messages_reply_to_fkey FOREIGN KEY (reply_to) REFERENCES public.user_group_messages(id);


--
-- TOC entry 3508 (class 2606 OID 16957)
-- Name: user_group_messages user_group_messages_sender_fkey; Type: FK CONSTRAINT; Schema: public; Owner: postgres
--

ALTER TABLE ONLY public.user_group_messages
    ADD CONSTRAINT user_group_messages_sender_fkey FOREIGN KEY (sender) REFERENCES public.users(id);


--
-- TOC entry 3505 (class 2606 OID 16907)
-- Name: user_group user_group_user_id_fkey; Type: FK CONSTRAINT; Schema: public; Owner: postgres
--

ALTER TABLE ONLY public.user_group
    ADD CONSTRAINT user_group_user_id_fkey FOREIGN KEY (user_id) REFERENCES public.users(id);


--
-- TOC entry 3509 (class 2606 OID 16927)
-- Name: users_page users_page_page_id_fkey; Type: FK CONSTRAINT; Schema: public; Owner: postgres
--

ALTER TABLE ONLY public.users_page
    ADD CONSTRAINT users_page_page_id_fkey FOREIGN KEY (page_id) REFERENCES public.pages(id);


--
-- TOC entry 3510 (class 2606 OID 16922)
-- Name: users_page users_page_user_id_fkey; Type: FK CONSTRAINT; Schema: public; Owner: postgres
--

ALTER TABLE ONLY public.users_page
    ADD CONSTRAINT users_page_user_id_fkey FOREIGN KEY (user_id) REFERENCES public.users(id);


--
-- TOC entry 3521 (class 2606 OID 17004)
-- Name: users_posts_likes users_posts_likes_post_id_fkey; Type: FK CONSTRAINT; Schema: public; Owner: postgres
--

ALTER TABLE ONLY public.users_posts_likes
    ADD CONSTRAINT users_posts_likes_post_id_fkey FOREIGN KEY (post_id) REFERENCES public.post(id);


--
-- TOC entry 3522 (class 2606 OID 16999)
-- Name: users_posts_likes users_posts_likes_user_id_fkey; Type: FK CONSTRAINT; Schema: public; Owner: postgres
--

ALTER TABLE ONLY public.users_posts_likes
    ADD CONSTRAINT users_posts_likes_user_id_fkey FOREIGN KEY (user_id) REFERENCES public.users(id);


-- Completed on 2023-05-28 14:19:31 CEST

--
-- PostgreSQL database dump complete
--

